team1,team1_bpi,team2,team2_bpi,team1_points,team2_points,points_difference,offensive_efficiency_team1,offensive_efficiency_team2,offensive_efficiency_difference,defensive_efficiency_team1,defensive_efficiency_team2,defensive_efficiency_difference,team1_tempo,team2_tempo,tempo_difference,team1_efgpct,team2_efgpct,efgpct_difference,team1_experience,team2_experience,experience_difference,team1_rating,team2_rating,rating_difference,team1_winner,team2_winner
Baylor Bears,21,Gonzaga Bulldogs,9,63,101,38,121.10,125.20,4.10,100.80,97.90,2.90,65.38,70.40,5.02,52.05,56.41,4.36,2.72,2.97,0.12,20.3,27.3,7,0,1
Ohio State Buckeyes,35,Texas Longhorns,34,80,72,8,118.10,116.70,1.40,98.60,100.70,2.10,67.51,67.40,0.11,53.70,52.90,0.81,2.16,2.85,1.46,19.5,16,3.5,1,0
North Carolina Tar Heels,27,Kansas Jayhawks,11,89,92,3,119.20,115.40,3.80,102.00,92.20,9.80,70.94,68.80,2.14,54.26,53.14,1.12,2.24,3.62,0.01,17.2,23.2,6,0,1
New Mexico Lobos,49,UCLA Bruins,26,72,64,8,113.70,116.50,2.80,96.60,95.00,1.60,73.34,64.90,8.44,51.25,52.94,1.69,2.45,2.23,0.19,17.1,21.5,4.4,1,0
Auburn Tigers,3,Houston Cougars,2,74,69,5,130.70,124.90,5.80,93.10,89.50,3.60,68.56,61.20,7.36,56.05,53.21,2.84,2.79,2.63,1.25,37.6,35.4,2.2,1,0
Baylor Bears,21,Arkansas Razorbacks,43,72,67,5,121.10,111.80,9.30,100.80,95.00,5.80,65.38,69.20,3.82,52.05,52.28,0.23,2.72,1.54,0.45,20.3,16.8,3.5,1,0
Tennessee Volunteers,4,Louisville Cardinals,30,77,55,22,118.60,118.90,0.30,87.20,96.40,9.20,63.93,69.10,5.17,52.49,53.55,1.06,2.92,3.17,0.69,31.4,22.5,8.9,1,0
Michigan State Spartans,12,Kansas Jayhawks,11,69,77,8,115.40,120.20,4.80,91.20,92.20,1.00,67.80,68.80,1.00,50.96,53.14,2.18,1.62,3.62,1.47,26.9,23.2,3.7,0,1
Duke Blue Devils,1,Kentucky Wildcats,14,72,77,5,128.90,125.30,3.60,89.80,100.90,11.10,66.06,70.80,4.74,57.66,56.17,1.49,1.93,3.09,0.19,39.1,24.4,14.7,0,1
Alabama Crimson Tide,5,Purdue Boilermakers,16,78,87,9,127.30,124.10,3.20,97.90,99.50,1.60,75.00,65.40,9.60,56.57,56.57,0.00,2.99,1.73,0.37,29.4,24.6,4.8,0,1
Arizona Wildcats,10,Wisconsin Badgers,19,88,103,15,120.20,124.00,3.80,95.00,97.30,2.30,70.28,67.70,2.58,52.14,54.95,2.81,2.72,2.62,0.58,25.2,26.7,1.5,0,1
Marquette Golden Eagles,18,Maryland Terrapins,15,78,74,4,118.30,118.50,0.20,95.70,93.70,2.00,67.56,70.10,2.54,52.26,54.50,2.24,2.05,2.14,0.91,22.6,24.8,2.2,1,0
Ohio State Buckeyes,35,Texas A&M Aggies,23,64,78,14,118.10,115.90,2.20,98.60,93.00,5.60,67.51,66.80,0.71,53.70,47.60,6.10,2.16,2.97,1.30,19.5,22.9,3.4,0,1
Colorado State Rams,56,Ole Miss Rebels,31,69,84,15,115.40,118.10,2.70,101.00,96.00,5.00,66.25,68.30,2.05,54.89,51.85,3.04,2.41,3.46,0.05,14.4,22.1,7.7,0,1
New Mexico Lobos,49,St. John's Red Storm,17,71,85,14,113.70,113.90,0.20,96.60,89.20,7.40,73.34,70.10,3.24,51.25,49.54,1.71,2.45,2.36,0.92,17.1,24.7,7.6,0,1
Gonzaga Bulldogs,9,San Diego State Aztecs,54,80,67,13,125.20,110.60,14.60,97.90,93.80,4.10,70.39,66.10,4.29,56.41,50.54,5.87,2.97,1.52,0.92,27.3,16.8,10.5,1,0
Purdue Boilermakers,16,Marquette Golden Eagles,18,58,76,18,124.10,118.30,5.80,99.50,95.70,3.80,65.39,67.60,2.21,56.57,52.26,4.30,1.73,2.05,1.26,24.6,22.6,2,0,1
Illinois Fighting Illini,22,Alabama Crimson Tide,5,87,100,13,121.90,127.30,5.40,97.70,97.90,0.20,71.57,75.00,3.43,52.13,56.57,4.44,1.07,2.99,1.28,24.2,29.4,5.2,0,1
Baylor Bears,21,St. John's Red Storm,17,99,98,1,121.10,113.90,7.20,100.80,89.20,11.60,65.38,70.10,4.72,52.05,49.54,2.51,2.72,2.36,0.00,20.3,24.7,4.4,1,0
Tennessee Volunteers,4,Baylor Bears,21,77,62,15,118.60,121.10,2.50,87.20,100.80,13.60,63.93,65.40,1.47,52.49,52.05,0.44,2.92,2.72,0.20,31.4,20.3,11.1,1,0
Duke Blue Devils,1,Arizona Wildcats,10,69,55,14,128.90,120.20,8.70,89.80,95.00,5.20,66.06,70.30,4.24,57.66,52.14,5.52,1.93,2.72,0.72,39.1,25.2,13.9,1,0
Nebraska Cornhuskers,53,Creighton Bluejays,25,74,63,11,107.10,116.10,9.00,97.60,98.00,0.40,67.55,68.00,0.45,51.57,55.36,3.79,2.79,2.65,0.73,15.6,18.1,2.5,1,0
Georgia Bulldogs,39,Marquette Golden Eagles,18,69,80,11,115.50,118.30,2.80,96.60,95.70,0.90,66.79,67.60,0.81,52.49,52.26,0.23,1.87,2.05,0.85,18.9,22.6,3.7,0,1
Wisconsin Badgers,19,Pittsburgh Panthers,50,81,75,6,124.00,117.20,6.80,97.30,103.10,5.80,67.70,66.30,1.40,54.95,52.53,2.42,2.62,2.72,0.76,26.7,14.1,12.6,1,0
St. John's Red Storm,17,Georgia Bulldogs,39,63,66,3,113.90,115.50,1.60,89.20,96.60,7.40,70.11,66.80,3.31,49.54,52.49,2.96,2.36,1.87,0.60,24.7,18.9,5.8,0,1
Memphis Tigers,42,UConn Huskies,20,99,97,2,119.70,122.40,2.70,98.30,104.10,5.80,70.65,64.30,6.35,54.21,55.74,1.53,3.16,1.75,0.34,16.5,18.3,1.8,1,0
Auburn Tigers,3,Iowa State Cyclones,62,83,81,2,130.70,118.10,12.60,93.10,107.00,13.90,68.56,68.90,0.34,56.05,54.22,1.83,2.79,2.82,0.86,37.6,26.4,11.2,1,0
Kansas Jayhawks,11,Duke Blue Devils,1,75,72,3,115.40,128.90,13.50,92.20,89.80,2.40,68.76,66.10,2.66,53.14,57.66,4.53,3.62,1.93,1.38,23.2,39.1,15.9,1,0
Auburn Tigers,3,North Carolina Tar Heels,27,85,72,13,130.70,119.20,11.50,93.10,102.00,8.90,68.56,70.90,2.34,56.05,54.26,1.79,2.79,2.24,0.15,37.6,17.2,20.4,1,0
Alabama Crimson Tide,5,Houston Cougars,2,85,80,5,127.30,124.90,2.40,97.90,89.50,8.40,75.00,61.20,13.80,56.57,53.21,3.37,2.99,2.63,0.30,29.4,35.4,6,1,0
Texas A&M Aggies,23,Oregon Ducks,37,70,80,10,115.90,117.80,1.90,93.00,98.20,5.20,66.77,68.10,1.33,47.60,52.36,4.76,2.97,2.69,1.45,22.9,19.6,3.3,0,1
Creighton Bluejays,25,San Diego State Aztecs,54,53,71,18,116.10,110.60,5.50,98.00,93.80,4.20,68.00,66.10,1.90,55.36,50.54,4.82,2.65,1.52,0.51,18.1,16.8,1.3,0,1
Gonzaga Bulldogs,9,West Virginia Mountaineers,48,78,86,8,125.20,110.20,15.00,97.90,94.60,3.30,70.39,64.40,5.99,56.41,49.97,6.44,2.97,2.14,0.18,27.3,15.6,11.7,0,1
Memphis Tigers,42,Auburn Tigers,3,76,90,14,114.80,130.70,15.90,98.30,93.10,5.20,70.65,68.60,2.05,54.21,56.05,1.84,3.16,2.79,0.91,16.5,37.6,21.1,0,1
Michigan State Spartans,12,North Carolina Tar Heels,27,94,91,3,118.10,119.20,1.10,91.20,102.00,10.80,67.80,70.90,3.10,50.96,54.26,3.30,1.62,2.24,0.65,26.9,17.2,9.7,1,0
Louisville Cardinals,30,Indiana Hoosiers,52,89,61,28,118.90,115.40,3.50,96.40,98.80,2.40,69.15,68.40,0.75,53.55,52.13,1.42,3.17,2.27,0.21,22.5,16.6,5.9,1,0
Creighton Bluejays,25,Texas A&M Aggies,23,73,77,4,116.10,115.90,0.20,98.00,93.00,5.00,68.00,66.80,1.20,55.36,47.60,7.76,2.65,2.97,0.41,18.1,22.9,4.8,0,1
Xavier Musketeers,40,Michigan Wolverines,33,53,78,25,114.90,117.10,2.20,98.30,96.00,2.30,69.20,69.80,0.60,53.57,55.62,2.05,3.54,2.24,1.27,16.6,21.1,4.5,0,1
Gonzaga Bulldogs,9,Indiana Hoosiers,52,89,73,16,125.20,115.40,9.80,97.90,98.80,0.90,70.39,68.40,1.99,56.41,52.13,4.28,2.97,2.27,1.44,27.3,16.6,10.7,1,0
Illinois Fighting Illini,22,Arkansas Razorbacks,43,90,77,13,121.90,111.80,11.70,97.70,95.00,2.70,71.57,69.20,2.37,52.13,52.28,0.15,1.07,1.54,2.39,24.2,16.8,7.4,1,0
BYU Cougars,24,Ole Miss Rebels,31,85,96,11,123.50,118.10,5.40,101.20,96.00,5.20,67.28,68.30,1.02,57.79,51.85,5.95,1.92,3.46,0.39,22.3,22.1,0.2,0,1
Arizona Wildcats,10,Oklahoma Sooners,51,77,82,5,120.20,118.40,1.80,95.00,101.80,6.80,70.28,68.70,1.58,52.14,54.78,2.64,2.72,2.31,0.16,25.2,16.6,8.6,0,1
Ole Miss Rebels,31,Butler Bulldogs,16,78,80,2,118.10,116.70,1.40,96.00,99.50,3.50,68.33,67.90,0.43,51.85,53.25,1.40,3.46,2.89,1.32,22.1,11.5,10.6,0,1
Arizona Wildcats,10,West Virginia Mountaineers,48,76,83,7,120.20,110.20,10.00,95.00,94.60,0.40,70.28,64.40,5.88,52.14,49.97,2.17,2.72,2.14,0.45,25.2,15.6,9.6,0,1
Butler Bulldogs,61,Mississippi State Bulldogs,36,87,77,10,116.70,119.10,2.40,105.20,98.70,6.50,67.87,67.90,0.03,53.25,51.98,1.27,2.89,2.27,0.25,11.5,20.4,8.9,1,0
San Diego State Aztecs,54,Houston Cougars,2,73,70,3,110.60,124.90,14.30,93.80,98.50,4.70,66.05,61.20,4.85,50.54,53.21,2.67,1.52,2.63,1.47,16.8,35.4,18.6,1,0
Oregon Ducks,37,Alabama Crimson Tide,5,83,81,2,117.80,127.30,9.50,98.20,97.90,0.30,68.10,75.00,6.90,52.36,56.57,4.21,2.69,2.99,0.48,19.6,29.4,9.8,1,0
Duke Blue Devils,1,Louisville Cardinals,30,76,65,11,128.90,118.90,10.00,89.80,96.40,6.60,66.10,69.10,3.00,57.66,53.55,4.11,1.93,3.17,1.25,39.1,22.5,16.6,1,0
Cincinnati Bearcats,38,Villanova Wildcats,41,60,68,8,112.60,119.70,7.10,96.50,104.60,8.10,65.50,63.20,2.30,51.79,55.41,3.62,2.21,2.87,0.66,16.1,15.1,1,0,1
Northwestern Wildcats,46,Iowa State Cyclones,7,79,80,1,115.00,118.10,3.10,98.40,93.10,5.30,64.90,68.90,4.00,50.09,54.22,4.13,2.28,2.82,0.54,16.6,26.4,9.8,0,1
Ole Miss Rebels,31,Louisville Cardinals,30,86,63,23,118.10,118.90,0.80,96.00,96.40,0.40,68.30,69.10,0.80,51.85,53.55,1.70,3.46,3.17,0.29,22.1,22.5,0.4,1,0
Michigan Wolverines,33,Wisconsin Badgers,19,67,64,3,117.10,124.00,6.90,96.00,97.30,1.30,69.80,67.70,2.10,55.62,54.95,0.67,2.24,2.62,0.38,21.1,26.7,5.6,1,0
Kentucky Wildcats,14,Clemson Tigers,13,66,70,4,125.30,121.00,4.30,100.90,96.40,4.50,70.80,64.10,6.70,56.17,54.51,1.67,3.09,3.02,0.07,24.4,24.6,0.2,0,1
Ohio State Buckeyes,35,Maryland Terrapins,15,59,83,24,118.10,118.50,0.40,98.60,93.70,4.90,67.50,70.10,2.60,53.70,54.50,0.80,2.16,2.14,0.02,19.5,24.8,5.3,0,1
Alabama Crimson Tide,5,North Carolina Tar Heels,27,94,79,15,127.30,119.20,8.10,97.90,102.00,4.10,75.00,70.90,4.10,56.57,54.26,2.32,2.99,2.24,0.75,29.4,17.2,12.2,1,0
Marquette Golden Eagles,18,Iowa State Cyclones,7,70,81,11,118.30,119.50,1.20,95.70,93.10,2.60,67.60,68.90,1.30,52.26,54.22,1.95,2.05,2.82,0.77,22.6,26.4,3.8,0,1
Kansas Jayhawks,11,Creighton Bluejays,25,63,76,13,115.40,116.10,0.70,92.20,98.00,5.80,68.80,68.00,0.80,53.14,55.36,2.22,3.62,2.65,0.97,23.2,18.1,5.1,0,1
Auburn Tigers,3,Duke Blue Devils,1,78,84,6,130.70,128.90,1.80,93.10,89.80,3.30,68.60,66.10,2.50,56.05,57.66,1.61,2.79,1.93,0.86,37.6,39.1,1.5,0,1
Oregon Ducks,37,USC Trojans,60,68,60,8,117.80,116.70,1.10,98.20,104.20,6.00,68.10,68.60,0.50,52.36,54.22,1.86,2.69,2.53,0.16,19.6,12.5,7.1,1,0
Purdue Boilermakers,16,Penn State Nittany Lions,59,70,81,11,124.10,114.70,9.40,99.50,102.20,2.70,65.40,70.00,4.60,56.57,53.68,2.88,1.73,2.49,0.76,24.6,12.5,12.1,0,1
Xavier Musketeers,40,TCU Horned Frogs,63,72,76,4,114.90,107.10,7.80,98.30,97.40,0.90,69.20,66.90,2.30,53.57,47.58,5.99,3.54,1.94,1.60,16.6,9.7,6.9,0,1
Illinois Fighting Illini,22,Northwestern Wildcats,46,66,70,4,121.90,115.00,6.90,97.70,98.40,0.70,71.60,64.90,6.70,52.13,50.09,2.04,1.07,2.28,1.21,24.2,16.6,7.6,0,1
Wisconsin Badgers,19,Marquette Golden Eagles,18,74,88,14,124.00,118.30,5.70,97.30,95.70,1.60,67.70,67.60,0.10,54.95,52.26,2.68,2.62,2.05,0.57,26.7,22.6,4.1,0,1
Butler Bulldogs,61,Houston Cougars,2,51,79,28,116.70,124.90,8.20,105.20,89.50,15.70,67.90,61.20,6.70,53.25,53.21,0.04,2.89,2.63,0.25,11.5,35.4,23.9,0,1
Iowa State Cyclones,7,Michigan Wolverines,33,83,85,2,118.10,117.10,1.00,93.10,96.00,2.90,68.90,69.80,0.90,54.22,55.62,1.40,2.82,2.24,0.58,26.4,21.1,5.3,0,1
Kentucky Wildcats,14,Gonzaga Bulldogs,9,90,89,1,125.30,125.20,0.10,100.90,97.90,3.00,70.80,70.40,0.40,56.17,56.41,0.24,3.09,2.97,0.12,24.4,27.3,2.9,1,0
Kansas Jayhawks,11,Missouri Tigers,28,67,76,9,115.40,126.20,10.80,92.20,100.40,8.20,68.80,68.30,0.50,53.14,56.80,3.66,3.62,2.64,0.98,23.2,25.8,2.6,0,1
Maryland Terrapins,15,Purdue Boilermakers,16,78,83,5,118.50,124.10,5.60,93.70,99.50,5.80,70.10,65.40,4.70,54.50,56.57,2.07,2.14,1.73,0.41,24.8,24.6,0.2,0,1
UCLA Bruins,26,Oregon Ducks,37,73,71,2,116.50,117.80,1.30,95.00,98.20,3.20,64.90,68.10,3.20,52.94,52.36,0.58,2.23,2.69,0.46,21.5,19.6,1.9,1,0
Texas A&M Aggies,23,Texas Tech Red Raiders,8,72,67,5,115.90,124.30,8.40,93.00,96.70,3.70,66.80,65.80,1.00,47.60,55.64,8.04,2.97,2.67,0.29,22.9,27.6,4.7,1,0
UConn Huskies,20,Texas Longhorns,34,76,65,11,122.40,116.70,5.70,104.10,100.70,3.40,64.30,67.40,3.10,55.74,52.90,2.85,1.75,2.85,1.09,18.3,16,2.3,1,0
Vanderbilt Commodores,55,TCU Horned Frogs,63,83,74,9,119.90,107.10,12.80,102.10,97.40,4.70,69.40,66.90,2.50,52.27,47.58,4.69,2.39,1.94,0.45,17.8,9.7,8.1,1,0
Michigan Wolverines,33,Arkansas Razorbacks,43,87,89,2,117.10,111.80,5.30,96.00,95.00,1.00,69.80,69.20,0.60,55.62,52.28,3.34,2.24,1.54,0.70,21.1,16.8,4.3,0,1
Wisconsin Badgers,19,Illinois Fighting Illini,22,80,86,6,124.00,121.90,2.10,97.30,97.70,0.40,67.70,71.60,3.90,54.95,52.13,2.82,2.62,1.07,1.55,26.7,24.2,2.5,0,1
Indiana Hoosiers,52,Nebraska Cornhuskers,53,68,85,17,115.40,113.20,2.20,98.80,97.60,1.20,68.40,67.50,0.90,52.13,51.57,0.56,2.27,2.79,0.52,16.6,15.6,1,0,1
UCLA Bruins,26,Arizona Wildcats,10,57,54,3,116.50,120.20,3.70,95.00,95.00,0.00,64.90,70.30,5.40,52.94,52.14,0.80,2.23,2.72,0.49,21.5,25.2,3.7,1,0
Tennessee Volunteers,4,Illinois Fighting Illini,22,66,64,2,118.60,121.90,3.30,87.20,97.70,10.50,63.90,71.60,7.70,52.49,52.13,0.36,2.92,1.07,1.85,31.4,24.2,7.2,1,0
Louisville Cardinals,30,Kentucky Wildcats,14,85,93,8,118.90,125.30,6.40,96.40,100.90,4.50,69.10,70.80,1.70,53.55,56.17,2.62,3.17,3.09,0.09,22.5,24.4,1.9,0,1
Creighton Bluejays,25,Alabama Crimson Tide,5,75,83,8,116.10,127.30,11.20,98.00,97.90,0.10,68.00,75.00,7.00,55.36,56.57,1.21,2.65,2.99,0.34,18.1,29.4,11.3,0,1
Gonzaga Bulldogs,9,UConn Huskies,20,71,77,6,125.20,122.40,2.80,97.90,104.10,6.20,70.40,64.30,6.10,56.41,55.74,0.67,2.97,1.75,1.22,27.3,18.3,9,0,1
Texas A&M Aggies,23,Purdue Boilermakers,16,70,66,4,115.90,124.10,8.20,93.00,99.50,6.50,66.80,65.40,1.40,47.60,56.57,8.97,2.97,1.73,1.23,22.9,24.6,1.7,1,0
Memphis Tigers,42,Clemson Tigers,13,87,82,5,114.80,121.00,6.20,98.30,96.40,1.90,70.60,64.10,6.50,54.21,54.51,0.29,3.16,3.02,0.14,16.5,24.6,8.1,1,0
Wisconsin Badgers,19,Butler Bulldogs,61,83,74,9,124.00,116.70,7.30,97.30,105.20,7.90,67.70,67.90,0.20,54.95,53.25,1.70,2.62,2.89,0.27,26.7,11.5,15.2,1,0
Xavier Musketeers,40,Cincinnati Bearcats,38,65,68,3,114.90,112.60,2.30,98.30,96.50,1.80,69.20,65.50,3.70,53.57,51.79,1.78,3.54,2.21,1.33,16.6,16.1,0.5,0,1
UCLA Bruins,26,Arizona Wildcats,10,57,54,3,116.50,120.20,3.70,95.00,95.00,0.00,64.90,70.30,5.40,52.94,52.14,0.80,2.23,2.72,0.49,21.5,25.2,3.7,1,0
Florida Gators,6,North Carolina Tar Heels,27,90,84,6,126.90,119.20,7.70,93.00,102.00,9.00,69.50,70.90,1.40,54.40,54.26,0.14,2.41,2.24,0.17,33.9,17.2,16.7,1,0
Butler Bulldogs,61,Marquette Golden Eagles,18,70,80,10,116.70,118.30,1.60,105.20,95.70,9.50,67.90,67.60,0.30,53.25,52.26,0.98,2.89,2.05,0.84,11.5,22.6,11.1,0,1
Xavier Musketeers,40,UConn Huskies,20,89,94,5,114.90,122.40,7.50,98.30,104.10,5.80,69.20,64.30,4.90,53.57,55.74,2.17,3.54,1.75,1.78,16.6,18.3,1.7,0,1
Michigan Wolverines,33,Oklahoma Sooners,51,86,87,1,117.10,118.40,1.30,96.00,101.80,5.80,69.80,68.70,1.10,55.62,54.78,0.84,2.24,2.31,0.07,21.1,16.6,4.5,0,1
VCU Rams,32,New Mexico Lobos,49,71,78,7,117.00,113.70,3.30,95.70,96.60,0.90,66.50,73.30,6.80,53.16,51.25,1.92,2.64,2.45,0.20,21.3,17.1,4.2,0,1
Purdue Boilermakers,16,Auburn Tigers,3,69,87,18,124.10,130.70,6.60,99.50,93.10,6.40,65.40,68.60,3.20,56.57,56.05,0.52,1.73,2.79,1.06,24.6,37.6,13,0,1
Marquette Golden Eagles,18,Xavier Musketeers,40,72,70,2,118.30,114.90,3.40,95.70,98.30,2.60,67.60,69.20,1.60,52.26,53.57,1.31,2.05,3.54,1.48,22.6,16.6,6,1,0
UConn Huskies,20,Butler Bulldogs,61,78,74,4,122.40,116.70,5.70,104.10,105.20,1.10,64.30,67.90,3.60,55.74,53.25,2.50,1.75,2.89,1.14,18.3,11.5,6.8,1,0
North Carolina Tar Heels,27,UCLA Bruins,26,76,74,2,119.20,116.50,2.70,102.00,95.00,7.00,70.90,64.90,6.00,54.26,52.94,1.32,2.24,2.23,0.01,17.2,21.5,4.3,1,0
Villanova Wildcats,41,Creighton Bluejays,25,79,86,7,119.70,116.10,3.60,104.60,98.00,6.60,63.20,68.00,4.80,55.41,55.36,0.05,2.87,2.65,0.22,15.1,18.1,3,0,1
Utah Utes,58,Iowa State Cyclones,7,88,95,7,113.60,118.10,4.50,102.00,93.10,8.90,68.80,68.90,0.10,52.58,54.22,1.64,2.04,2.82,0.78,11.6,26.4,14.8,0,1
Illinois Fighting Illini,22,Missouri Tigers,28,80,77,3,121.90,126.20,4.30,97.70,100.40,2.70,71.60,68.30,3.30,52.13,56.80,4.67,1.07,2.64,1.57,24.2,25.8,1.6,1,0
Gonzaga Bulldogs,9,UCLA Bruins,26,62,65,3,125.20,116.50,8.70,97.90,95.00,2.90,70.40,64.90,5.50,56.41,52.94,3.47,2.97,2.23,0.74,27.3,21.5,5.8,0,1
Ole Miss Rebels,31,Memphis Tigers,42,70,87,17,118.10,114.80,3.30,96.00,98.30,2.30,68.30,70.60,2.30,51.85,54.21,2.37,3.46,3.16,0.31,22.1,16.5,5.6,0,1
TCU Horned Frogs,63,Arizona Wildcats,10,81,90,9,107.10,120.20,13.10,97.40,95.00,2.40,66.90,70.30,3.40,47.58,52.14,4.56,1.94,2.72,0.78,9.7,25.2,15.5,0,1
West Virginia Mountaineers,48,Kansas Jayhawks,11,62,61,1,110.20,115.40,5.20,94.60,92.20,2.40,64.40,68.80,4.40,49.97,53.14,3.17,2.14,3.62,1.47,15.6,23.2,7.6,1,0
Utah Utes,58,Baylor Bears,21,56,81,25,113.60,121.10,7.50,102.00,100.80,1.20,68.80,65.40,3.40,52.58,52.05,0.53,2.04,2.72,0.69,11.6,20.3,8.7,0,1
Northwestern Wildcats,46,Penn State Nittany Lions,59,80,84,4,115.00,114.70,0.30,98.40,102.20,3.80,64.86,70.01,5.15,50.09,53.68,3.60,2.28,2.49,0.20,16.6,12.5,4.1,0,1
Illinois Fighting Illini,22,Oregon Ducks,37,109,77,32,121.90,117.80,4.10,97.70,98.20,0.50,71.57,68.10,3.47,52.13,52.36,0.24,1.07,2.69,1.62,24.2,19.6,4.6,1,0
Creighton Bluejays,25,Marquette Golden Eagles,18,71,79,8,116.10,118.30,2.20,98.00,95.70,2.30,68.00,67.56,0.44,55.36,52.26,3.10,2.65,2.05,0.60,18.1,22.6,4.5,0,1
Iowa Hawkeyes,7,Wisconsin Badgers,19,85,116,31,118.10,124.00,5.90,107.00,97.30,9.70,70.01,67.70,2.31,56.34,54.95,1.39,1.77,2.62,0.85,11.1,26.7,15.6,0,1
Michigan State Spartans,12,Ohio State Buckeyes,35,69,62,7,118.10,118.10,0.00,91.20,98.60,7.40,67.80,67.51,0.29,50.96,53.70,2.75,1.62,2.16,0.55,26.9,19.5,7.4,1,0
Florida Gators,6,Kentucky Wildcats,14,100,106,6,126.90,125.30,1.60,93.00,100.90,7.90,69.49,70.82,1.33,54.40,56.17,1.78,2.41,3.09,0.68,33.9,24.4,9.5,0,1
Arkansas Razorbacks,43,Tennessee Volunteers,4,52,76,24,111.80,118.60,6.80,95.00,87.20,7.80,69.16,63.93,5.23,52.28,52.49,0.21,1.54,2.92,1.39,16.8,31.4,14.6,0,1
BYU Cougars,24,Houston Cougars,2,55,86,31,123.50,124.90,1.40,101.20,89.50,11.70,67.28,61.18,6.10,57.79,53.21,4.59,1.92,2.63,0.71,22.3,35.4,13.1,0,1
Duke Blue Devils,1,SMU Mustangs,44,89,62,27,128.90,118.70,10.20,89.80,102.10,12.30,66.06,69.10,3.04,57.66,55.08,2.58,1.93,2.76,0.83,39.1,16.6,22.5,1,0
Missouri Tigers,28,Auburn Tigers,3,68,84,16,126.20,130.70,4.50,100.40,93.10,7.30,68.31,68.56,0.25,56.80,56.05,0.75,2.64,2.79,0.15,25.8,37.6,11.8,0,1
Texas Tech Red Raiders,8,Utah Utes,58,93,65,28,124.30,113.60,10.70,96.70,102.00,5.30,65.85,68.82,2.98,55.64,52.58,3.06,2.67,2.04,0.64,27.6,11.6,16,1,0
Texas Longhorns,34,Texas A&M Aggies,23,60,80,20,116.70,115.90,0.80,100.70,93.00,7.70,67.42,66.77,0.64,52.90,47.60,5.30,2.85,2.97,0.12,16,22.9,6.9,0,1
UCLA Bruins,26,Nebraska Cornhuskers,53,58,66,8,116.50,113.20,3.30,95.00,97.60,2.60,64.91,67.55,2.64,52.94,51.57,1.37,2.23,2.79,0.55,21.5,15.6,5.9,0,1
Baylor Bears,21,Iowa State Cyclones,62,55,74,19,121.10,119.50,1.60,100.80,93.10,7.70,65.38,68.94,3.56,52.05,54.22,2.17,2.72,2.82,0.10,20.3,26.4,6.1,0,1
Butler Bulldogs,61,St. John's Red Storm,17,62,70,8,116.70,113.90,2.80,105.20,89.20,16.00,67.87,70.11,2.24,53.25,49.54,3.71,2.89,2.36,0.53,11.5,24.7,13.2,0,1
Arizona Wildcats,10,Cincinnati Bearcats,38,72,67,5,120.20,112.60,7.60,95.00,96.50,1.50,70.28,65.54,4.74,52.14,51.79,0.35,2.72,2.21,0.51,25.2,16.1,9.1,1,0
San Diego State Aztecs,54,Boise State Broncos,47,76,68,8,110.60,116.70,6.10,93.80,100.30,6.50,66.05,65.93,0.13,50.54,52.91,2.38,1.52,2.13,0.61,16.8,16.4,0.4,1,0
Kansas State Wildcats,64,TCU Horned Frogs,63,62,63,1,111.60,107.10,4.50,99.40,97.40,2.00,67.53,66.93,0.60,51.30,47.58,3.72,2.55,1.94,0.61,12.2,9.7,2.5,0,1
Oklahoma Sooners,51,Alabama Crimson Tide,5,79,107,28,118.40,127.30,8.90,101.80,97.90,3.90,68.74,75.00,6.27,54.78,56.57,1.79,2.31,2.99,0.68,16.6,29.4,12.8,0,1
Indiana Hoosiers,52,Penn State Nittany Lions,59,77,71,6,115.40,114.70,0.70,98.80,102.20,3.40,68.38,70.01,1.63,52.13,53.68,1.55,2.27,2.49,0.22,16.6,12.5,4.1,1,0
Northwestern Wildcats,46,Purdue Boilermakers,16,61,79,18,115.00,124.10,9.10,98.40,99.50,1.10,64.86,65.39,0.53,50.09,56.57,6.48,2.28,1.73,0.55,16.6,24.6,8,0,1
Maryland Terrapins,15,Oregon Ducks,37,79,83,4,118.50,117.80,0.70,93.70,98.20,4.50,70.08,68.10,1.98,54.50,52.36,2.14,2.14,2.69,0.55,24.8,19.6,5.2,0,1
TCU Horned Frogs,63,Houston Cougars,2,46,65,19,107.10,124.90,17.80,97.40,89.50,7.90,66.93,61.18,5.75,47.58,53.21,5.63,1.94,2.63,0.69,9.7,35.4,25.7,0,1
Tennessee Volunteers,4,Florida Gators,6,43,73,30,118.60,126.90,8.30,87.20,93.00,5.80,63.93,69.49,5.56,52.49,54.40,1.91,2.92,2.41,0.51,31.4,33.9,2.5,0,1
Clemson Tigers,13,Louisville Cardinals,30,64,74,10,121.00,118.90,2.10,96.40,96.40,0.00,64.08,69.15,5.07,54.51,53.55,0.96,3.02,3.17,0.16,24.6,22.5,2.1,0,1
Kentucky Wildcats,14,Georgia Bulldogs,39,69,82,13,125.30,115.50,9.80,100.90,96.60,4.30,70.82,66.79,4.03,56.17,52.49,3.68,3.09,1.87,1.22,24.4,18.9,5.5,0,1
Nebraska Cornhuskers,53,Iowa Hawkeyes,7,87,97,10,113.20,118.10,4.90,97.60,107.00,9.40,67.55,70.01,2.46,51.57,56.34,4.77,2.79,1.77,1.01,15.6,11.1,4.5,0,1
Texas Tech Red Raiders,8,BYU Cougars,24,72,67,5,124.30,123.50,0.80,96.70,101.20,4.50,65.85,67.28,1.43,55.64,57.79,2.16,2.67,1.92,0.75,27.6,22.3,5.3,1,0
St. John's Red Storm,17,Xavier Musketeers,40,82,72,10,113.90,114.90,1.00,89.20,98.30,9.10,70.11,69.20,0.91,49.54,53.57,4.03,2.36,3.54,1.18,24.7,16.6,8.1,1,0
Pittsburgh Panthers,50,Duke Blue Devils,1,47,76,29,117.20,128.90,11.70,103.10,89.80,13.30,66.31,66.06,0.25,52.53,57.66,5.14,2.72,1.93,0.79,14.1,39.1,25,0,1
Arizona Wildcats,10,West Virginia Mountaineers,48,87,97,10,120.20,110.20,10.00,95.00,94.60,0.40,70.28,64.38,5.90,52.14,49.97,2.17,2.72,2.14,0.58,25.2,15.6,9.6,0,1
Utah Utes,58,Iowa State Cyclones,62,59,82,23,113.60,119.50,5.90,102.00,93.10,8.90,68.82,68.94,0.12,52.58,54.22,1.64,2.04,2.82,0.78,11.6,26.4,14.8,0,1
Cincinnati Bearcats,38,Baylor Bears,21,48,68,20,112.60,121.10,8.50,96.50,100.80,4.30,65.54,65.38,0.16,51.79,52.05,0.26,2.21,2.72,0.51,16.1,20.3,4.2,0,1
Mississippi State Bulldogs,36,Vanderbilt Commodores,55,76,64,12,119.10,119.90,0.80,98.70,102.10,3.40,67.92,69.40,1.48,51.98,52.27,0.30,2.27,2.39,0.12,20.4,17.8,2.6,1,0
Auburn Tigers,3,Texas Longhorns,34,87,82,5,130.70,116.70,14.00,93.10,100.70,7.60,68.56,67.42,1.15,56.05,52.90,3.15,2.79,2.85,0.06,37.6,16,21.6,1,0
SMU Mustangs,44,North Carolina Tar Heels,27,67,82,15,118.70,119.20,0.50,102.10,102.00,0.10,69.10,70.94,1.84,55.08,54.26,0.82,2.76,2.24,0.52,16.6,17.2,0.6,0,1
Michigan Wolverines,33,UCLA Bruins,26,94,75,19,117.10,116.50,0.60,96.00,95.00,1.00,69.84,64.91,4.93,55.62,52.94,2.68,2.24,2.23,0.01,21.1,21.5,0.4,1,0
USC Trojans,60,Indiana Hoosiers,52,69,82,13,116.70,115.40,1.30,104.20,98.80,5.40,68.62,68.38,0.24,54.22,52.13,2.09,2.53,2.27,0.26,12.5,16.6,4.1,0,1
Texas A&M Aggies,23,Oklahoma Sooners,51,80,78,2,115.90,118.40,2.50,93.00,101.80,8.80,66.77,68.74,1.96,47.60,54.78,7.18,2.97,2.31,0.66,22.9,16.6,6.3,1,0
Penn State Nittany Lions,59,Illinois Fighting Illini,22,52,91,39,114.70,121.90,7.20,102.20,97.70,4.50,70.01,71.57,1.56,53.68,52.13,1.56,2.49,1.07,1.42,12.5,24.2,11.7,0,1
Oregon Ducks,37,Ohio State Buckeyes,35,73,71,2,117.80,118.10,0.30,98.20,98.60,0.40,68.10,67.51,0.59,52.36,53.70,1.34,2.69,2.16,0.53,19.6,19.5,0.1,1,0
UCLA Bruins,26,Maryland Terrapins,15,61,79,18,116.50,118.50,2.00,95.00,93.70,1.30,64.91,70.08,5.17,52.94,54.50,1.56,2.23,2.14,0.09,21.5,24.8,3.3,0,1
USC Trojans,60,Illinois Fighting Illini,22,82,72,10,116.70,121.90,5.20,104.20,97.70,6.50,68.62,71.57,2.95,54.22,52.13,2.09,2.53,1.07,1.46,12.5,24.2,11.7,1,0
Louisville Cardinals,30,Pittsburgh Panthers,50,82,78,4,118.90,117.20,1.70,96.40,103.10,6.70,69.15,66.31,2.83,53.55,52.53,1.02,3.17,2.72,0.46,22.5,14.1,8.4,1,0
San Diego State Aztecs,54,New Mexico Lobos,49,48,62,14,110.60,113.70,3.10,93.80,96.60,2.80,66.05,73.34,7.28,50.54,51.25,0.71,1.52,2.45,0.92,16.8,17.1,0.3,0,1
Kansas Jayhawks,11,Cincinnati Bearcats,38,54,40,14,115.40,112.60,2.80,92.20,96.50,4.30,68.76,65.54,3.22,53.14,51.79,1.34,3.62,2.21,1.41,23.2,16.1,7.1,1,0
BYU Cougars,24,TCU Horned Frogs,63,67,71,4,123.50,107.10,16.40,101.20,97.40,3.80,67.28,66.93,0.35,57.79,47.58,10.21,1.92,1.94,0.02,22.3,9.7,12.6,0,1
Vanderbilt Commodores,55,Missouri Tigers,28,66,75,9,119.90,126.20,6.30,102.10,100.40,1.70,69.40,68.31,1.09,52.27,56.80,4.52,2.39,2.64,0.25,17.8,25.8,8,0,1
Florida Gators,6,Arkansas Razorbacks,43,71,63,8,126.90,111.80,15.10,93.00,95.00,2.00,69.49,69.16,0.33,54.40,52.28,2.12,2.41,1.54,0.88,33.9,16.8,17.1,1,0
Houston Cougars,2,Kansas State Wildcats,64,87,57,30,124.90,111.60,13.30,89.50,99.40,9.90,61.18,67.53,6.35,53.21,51.30,1.90,2.63,2.55,0.08,35.4,12.2,23.2,1,0
Tennessee Volunteers,4,Texas Longhorns,34,74,70,4,118.60,116.70,1.90,87.20,100.70,13.50,63.93,67.42,3.49,52.49,52.90,0.41,2.92,2.85,0.08,31.4,16,15.4,1,0
Oklahoma Sooners,51,Georgia Bulldogs,39,62,72,10,118.40,115.50,2.90,101.80,96.60,5.20,68.74,66.79,1.94,54.78,52.49,2.29,2.31,1.87,0.45,16.6,18.9,2.3,0,1
Alabama Crimson Tide,5,Texas A&M Aggies,23,94,88,6,127.30,115.90,11.40,97.90,93.00,4.90,75.00,66.77,8.23,56.57,47.60,8.97,2.99,2.97,0.02,29.4,22.9,6.5,1,0
Indiana Hoosiers,52,Iowa Hawkeyes,7,60,85,25,115.40,118.10,2.70,98.80,107.00,8.20,68.38,70.01,1.63,52.13,56.34,4.21,2.27,1.77,0.49,16.6,11.1,5.5,0,1
Kentucky Wildcats,14,Mississippi State Bulldogs,36,95,90,5,125.30,119.10,6.20,100.90,98.70,2.20,70.82,67.92,2.90,56.17,51.98,4.20,3.09,2.27,0.81,24.4,20.4,4,1,0
Boise State Broncos,47,Utah State Aggies,45,79,81,2,116.70,121.00,4.30,100.30,106.30,6.00,65.93,68.15,2.22,52.91,56.16,3.25,2.13,2.16,0.03,16.4,14.7,1.7,0,1
Creighton Bluejays,25,Butler Bulldogs,61,80,76,4,116.10,116.70,0.60,98.00,105.20,7.20,68.00,67.87,0.12,55.36,53.25,2.11,2.65,2.89,0.24,18.1,11.5,6.6,1,0
Iowa State Cyclones,62,Texas Tech Red Raiders,8,85,84,1,119.50,124.30,4.80,93.10,96.70,3.60,68.94,65.85,3.09,54.22,55.64,1.42,2.82,2.67,0.15,26.4,27.6,1.2,1,0
Villanova Wildcats,41,St. John's Red Storm,17,68,80,12,119.70,113.90,5.80,104.60,89.20,15.40,63.20,70.11,6.91,55.41,49.54,5.87,2.87,2.36,0.52,15.1,24.7,9.6,0,1
Nebraska Cornhuskers,53,Purdue Boilermakers,16,68,104,36,113.20,124.10,10.90,97.60,99.50,1.90,67.55,65.39,2.16,51.57,56.57,5.00,2.79,1.73,1.05,15.6,24.6,9,0,1
Oregon Ducks,37,Penn State Nittany Lions,59,82,81,1,117.80,114.70,3.10,98.20,102.20,4.00,68.10,70.01,1.91,52.36,53.68,1.32,2.69,2.49,0.21,19.6,12.5,7.1,1,0
Michigan State Spartans,12,Northwestern Wildcats,46,78,68,10,118.10,115.00,3.10,91.20,98.40,7.20,67.80,64.86,2.94,50.96,50.09,0.87,1.62,2.28,0.67,26.9,16.6,10.3,1,0
Villanova Wildcats,41,Xavier Musketeers,40,63,69,6,119.70,114.90,4.80,104.60,98.30,6.30,63.20,69.20,6.00,55.41,53.57,1.84,2.87,3.54,0.66,15.1,16.6,1.5,0,1
Texas Tech Red Raiders,8,Kansas State Wildcats,64,61,57,4,124.30,111.60,12.70,96.70,99.40,2.70,65.85,67.53,1.68,55.64,51.30,4.33,2.67,2.55,0.12,27.6,12.2,15.4,1,0
Iowa Hawkeyes,7,USC Trojans,60,89,99,10,118.10,116.70,1.40,107.00,104.20,2.80,70.01,68.62,1.39,56.34,54.22,2.12,1.77,2.53,0.76,11.1,12.5,1.4,0,1
Baylor Bears,21,Arizona Wildcats,10,70,81,11,121.10,120.20,0.90,100.80,95.00,5.80,65.38,70.28,4.90,52.05,52.14,0.09,2.72,2.72,0.00,20.3,25.2,4.9,0,1
Texas A&M Aggies,23,Kentucky Wildcats,14,69,81,12,115.90,125.30,9.40,93.00,100.90,7.90,66.77,70.82,4.05,47.60,56.17,8.57,2.97,3.09,0.12,22.9,24.4,1.5,0,1
Mississippi State Bulldogs,36,Auburn Tigers,3,66,88,22,119.10,130.70,11.60,98.70,93.10,5.60,67.92,68.56,0.65,51.98,56.05,4.07,2.27,2.79,0.52,20.4,37.6,17.2,0,1
Illinois Fighting Illini,22,Indiana Hoosiers,52,94,69,25,121.90,115.40,6.50,97.70,98.80,1.10,71.57,68.38,3.19,52.13,52.13,0.00,1.07,2.27,1.19,24.2,16.6,7.6,1,0
Missouri Tigers,28,Florida Gators,6,83,82,1,126.20,126.90,0.70,100.40,93.00,7.40,68.31,69.49,1.17,56.80,54.40,2.40,2.64,2.41,0.23,25.8,33.9,8.1,1,0
Ohio State Buckeyes,35,Wisconsin Badgers,19,68,70,2,118.10,124.00,5.90,98.60,97.30,1.30,67.51,67.70,0.19,53.70,54.95,1.25,2.16,2.62,0.46,19.5,26.7,7.2,0,1
Utah Utes,58,TCU Horned Frogs,63,73,65,8,113.60,107.10,6.50,102.00,97.40,4.60,68.82,66.93,1.89,52.58,47.58,5.00,2.04,1.94,0.10,11.6,9.7,1.9,1,0
Georgia Bulldogs,39,Tennessee Volunteers,4,56,74,18,115.50,118.60,3.10,96.60,87.20,9.40,66.79,63.93,2.86,52.49,52.49,0.00,1.87,2.92,1.06,18.9,31.4,12.5,0,1
Texas Longhorns,34,Oklahoma Sooners,51,77,73,4,116.70,118.40,1.70,100.70,101.80,1.10,67.42,68.74,1.32,52.90,54.78,1.88,2.85,2.31,0.54,16,16.6,0.6,1,0
Kansas Jayhawks,11,Iowa State Cyclones,62,57,74,17,115.40,119.50,4.10,92.20,93.10,0.90,68.76,68.94,0.18,53.14,54.22,1.08,3.62,2.82,0.80,23.2,26.4,3.2,0,1
Penn State Nittany Lions,59,Michigan State Spartans,12,85,90,5,114.70,118.10,3.40,102.20,91.20,11.00,70.01,67.80,2.21,53.68,50.96,2.73,2.49,1.62,0.87,12.5,26.9,14.4,0,1
West Virginia Mountaineers,48,Houston Cougars,2,54,70,16,110.20,124.90,14.70,94.60,89.50,5.10,64.38,61.18,3.20,49.97,53.21,3.24,2.14,2.63,0.49,15.6,35.4,19.8,0,1
Maryland Terrapins,15,Northwestern Wildcats,46,74,76,2,118.50,115.00,3.50,93.70,98.40,4.70,70.08,64.86,5.22,54.50,50.09,4.42,2.14,2.28,0.14,24.8,16.6,8.2,0,1
Indiana Hoosiers,52,Ohio State Buckeyes,35,77,76,1,115.40,118.10,2.70,98.80,98.60,0.20,68.38,67.51,0.87,52.13,53.70,1.57,2.27,2.16,0.10,16.6,19.5,2.9,1,0
Iowa Hawkeyes,7,UCLA Bruins,26,70,94,24,118.10,116.50,1.60,107.00,95.00,12.00,70.01,64.91,5.10,56.34,52.94,3.40,1.77,2.23,0.46,11.1,21.5,10.4,0,1
Boise State Broncos,47,New Mexico Lobos,49,65,84,19,116.70,113.70,3.00,100.30,96.60,3.70,65.93,73.34,7.41,52.91,51.25,1.67,2.13,2.45,0.32,16.4,17.1,0.7,0,1
Alabama Crimson Tide,5,Kentucky Wildcats,14,102,97,5,127.30,125.30,2.00,97.90,100.90,3.00,75.00,70.82,4.18,56.57,56.17,0.40,2.99,3.09,0.10,29.4,24.4,5,1,0
Clemson Tigers,13,Pittsburgh Panthers,50,78,75,3,121.00,117.20,3.80,96.40,103.10,6.70,64.08,66.31,2.24,54.51,52.53,1.98,3.02,2.72,0.30,24.6,14.1,10.5,1,0
Kansas State Wildcats,64,Kansas Jayhawks,11,74,84,10,111.60,115.40,3.80,99.40,92.20,7.20,67.53,68.76,1.23,51.30,53.14,1.83,2.55,3.62,1.07,12.2,23.2,11,0,1
Xavier Musketeers,40,Marquette Golden Eagles,18,59,57,2,114.90,118.30,3.40,98.30,95.70,2.60,69.20,67.56,1.64,53.57,52.26,1.31,3.54,2.05,1.48,16.6,22.6,6,1,0
Arizona Wildcats,10,Texas Tech Red Raiders,8,54,70,16,120.20,124.30,4.10,95.00,96.70,1.70,70.28,65.85,4.43,52.14,55.64,3.50,2.72,2.67,0.05,25.2,27.6,2.4,0,1
Wisconsin Badgers,19,USC Trojans,60,84,69,15,124.00,116.70,7.30,97.30,104.20,6.90,67.70,68.62,0.92,54.95,54.22,0.73,2.62,2.53,0.09,26.7,12.5,14.2,1,0
Purdue Boilermakers,16,Oregon Ducks,37,65,58,7,124.10,117.80,6.30,99.50,98.20,1.30,65.39,68.10,2.71,56.57,52.36,4.20,1.73,2.69,0.96,24.6,19.6,5,1,0
Tennessee Volunteers,4,Vanderbilt Commodores,55,75,76,1,118.60,119.90,1.30,87.20,102.10,14.90,63.93,69.40,5.47,52.49,52.27,0.22,2.92,2.39,0.53,31.4,17.8,13.6,0,1
Iowa State Cyclones,62,West Virginia Mountaineers,48,57,64,7,119.50,110.20,9.30,93.10,94.60,1.50,68.94,64.38,4.56,54.22,49.97,4.25,2.82,2.14,0.68,26.4,15.6,10.8,0,1
BYU Cougars,24,Utah Utes,58,72,73,1,123.50,113.60,9.90,101.20,102.00,0.80,67.28,68.82,1.54,57.79,52.58,5.22,1.92,2.04,0.11,22.3,11.6,10.7,0,1
Auburn Tigers,3,Georgia Bulldogs,39,70,68,2,130.70,115.50,15.20,93.10,96.60,3.50,68.56,66.79,1.77,56.05,52.49,3.55,2.79,1.87,0.92,37.6,18.9,18.7,1,0
Texas Longhorns,34,Florida Gators,6,60,84,24,116.70,126.90,10.20,100.70,93.00,7.70,67.42,69.49,2.07,52.90,54.40,1.50,2.85,2.41,0.43,16,33.9,17.9,0,1
Arkansas Razorbacks,43,Missouri Tigers,28,65,83,18,111.80,126.20,14.40,95.00,100.40,5.40,69.16,68.31,0.85,52.28,56.80,4.52,1.54,2.64,1.10,16.8,25.8,9,0,1
Illinois Fighting Illini,22,Michigan State Spartans,12,78,80,2,121.90,118.10,3.80,97.70,91.20,6.50,71.57,67.80,3.77,52.13,50.96,1.17,1.07,1.62,0.54,24.2,26.9,2.7,0,1
Northwestern Wildcats,46,Michigan Wolverines,33,76,80,4,115.00,117.10,2.10,98.40,96.00,2.40,64.86,69.84,4.99,50.09,55.62,5.53,2.28,2.24,0.05,16.6,21.1,4.5,0,1
TCU Horned Frogs,63,Baylor Bears,21,74,71,3,107.10,121.10,14.00,97.40,100.80,3.40,66.93,65.38,1.55,47.58,52.05,4.47,1.94,2.72,0.78,9.7,20.3,10.6,1,0
Nebraska Cornhuskers,53,Maryland Terrapins,15,66,69,3,113.20,118.50,5.30,97.60,93.70,3.90,67.55,70.08,2.53,51.57,54.50,2.93,2.79,2.14,0.64,15.6,24.8,9.2,0,1
Vanderbilt Commodores,55,Alabama Crimson Tide,5,87,103,16,119.90,127.30,7.40,102.10,97.90,4.20,69.40,75.00,5.60,52.27,56.57,4.30,2.39,2.99,0.60,17.8,29.4,11.6,0,1
Mississippi State Bulldogs,36,Tennessee Volunteers,4,56,68,12,119.10,118.60,0.50,98.70,87.20,11.50,67.92,63.93,3.99,51.98,52.49,0.51,2.27,2.92,0.65,20.4,31.4,11,0,1
Texas Tech Red Raiders,8,Cincinnati Bearcats,38,81,71,10,124.30,112.60,11.70,96.70,96.50,0.20,65.85,65.54,0.31,55.64,51.79,3.85,2.67,2.21,0.46,27.6,16.1,11.5,1,0
Ohio State Buckeyes,35,Purdue Boilermakers,16,73,70,3,118.10,124.10,6.00,98.60,99.50,0.90,67.51,65.39,2.12,53.70,56.57,2.87,2.16,1.73,0.43,19.5,24.6,5.1,1,0
Missouri Tigers,28,Texas Longhorns,34,53,61,8,126.20,116.70,9.50,100.40,100.70,0.30,68.31,67.42,0.89,56.80,52.90,3.90,2.64,2.85,0.21,25.8,16,9.8,0,1
Louisville Cardinals,30,SMU Mustangs,44,98,73,25,118.90,118.70,0.20,96.40,102.10,5.70,69.15,69.10,0.04,53.55,55.08,1.53,3.17,2.76,0.41,22.5,16.6,5.9,1,0
Wisconsin Badgers,19,UCLA Bruins,26,83,85,2,124.00,116.50,7.50,97.30,95.00,2.30,67.70,64.91,2.79,54.95,52.94,2.01,2.62,2.23,0.39,26.7,21.5,5.2,0,1
Utah Utes,58,Houston Cougars,2,36,70,34,113.60,124.90,11.30,102.00,89.50,12.50,68.82,61.18,7.64,52.58,53.21,0.63,2.04,2.63,0.60,11.6,35.4,23.8,0,1
Xavier Musketeers,40,St. John's Red Storm,17,71,79,8,114.90,113.90,1.00,98.30,89.20,9.10,69.20,70.11,0.91,53.57,49.54,4.03,3.54,2.36,1.18,16.6,24.7,8.1,0,1
Indiana Hoosiers,52,Northwestern Wildcats,46,70,79,9,115.40,115.00,0.40,98.80,98.40,0.40,68.38,64.86,3.52,52.13,50.09,2.04,2.27,2.28,0.02,16.6,16.6,0,0,1
Kansas Jayhawks,11,TCU Horned Frogs,63,74,61,13,115.40,107.10,8.30,92.20,97.40,5.20,68.76,66.93,1.83,53.14,47.58,5.56,3.62,1.94,1.68,23.2,9.7,13.5,1,0
Georgia Bulldogs,39,Arkansas Razorbacks,43,65,68,3,115.50,111.80,3.70,96.60,95.00,1.60,66.79,69.16,2.37,52.49,52.28,0.21,1.87,1.54,0.33,18.9,16.8,2.1,0,1
Boise State Broncos,47,Colorado State Rams,56,72,75,3,116.70,115.40,1.30,100.30,101.00,0.70,65.93,66.25,0.32,52.91,54.89,1.98,2.13,2.41,0.28,16.4,14.4,2,0,1
USC Trojans,60,Nebraska Cornhuskers,53,78,73,5,116.70,113.20,3.50,104.20,97.60,6.60,68.62,67.55,1.07,54.22,51.57,2.65,2.53,2.79,0.26,12.5,15.6,3.1,1,0
Kansas State Wildcats,64,Baylor Bears,21,62,70,8,111.60,121.10,9.50,99.40,100.80,1.40,67.53,65.38,2.15,51.30,52.05,0.74,2.55,2.72,0.17,12.2,20.3,8.1,0,1
Maryland Terrapins,15,Illinois Fighting Illini,22,91,70,21,118.50,121.90,3.40,93.70,97.70,4.00,70.08,71.57,1.49,54.50,52.13,2.38,2.14,1.07,1.07,24.8,24.2,0.6,1,0
Michigan Wolverines,33,Purdue Boilermakers,16,64,91,27,117.10,124.10,7.00,96.00,99.50,3.50,69.84,65.39,4.45,55.62,56.57,0.95,2.24,1.73,0.51,21.1,24.6,3.5,0,1
Villanova Wildcats,41,Marquette Golden Eagles,18,74,87,13,119.70,118.30,1.40,104.60,95.70,8.90,63.20,67.56,4.36,55.41,52.26,3.15,2.87,2.05,0.82,15.1,22.6,7.5,0,1
Penn State Nittany Lions,59,Iowa Hawkeyes,7,75,76,1,114.70,118.10,3.40,102.20,107.00,4.80,70.01,70.01,0.00,53.68,56.34,2.65,2.49,1.77,0.72,12.5,11.1,1.4,0,1
Kentucky Wildcats,14,Vanderbilt Commodores,55,69,74,5,125.30,119.90,5.40,100.90,102.10,1.20,70.82,69.40,1.42,56.17,52.27,3.90,3.09,2.39,0.70,24.4,17.8,6.6,0,1
Houston Cougars,2,Kansas Jayhawks,11,92,86,6,124.90,115.40,9.50,89.50,92.20,2.70,61.18,68.76,7.58,53.21,53.14,0.07,2.63,3.62,0.98,35.4,23.2,12.2,1,0
Oklahoma Sooners,51,Arkansas Razorbacks,43,65,62,3,118.40,111.80,6.60,101.80,95.00,6.80,68.74,69.16,0.42,54.78,52.28,2.50,2.31,1.54,0.77,16.6,16.8,0.2,1,0
Cincinnati Bearcats,38,BYU Cougars,24,52,80,28,112.60,123.50,10.90,96.50,101.20,4.70,65.54,67.28,1.75,51.79,57.79,6.00,2.21,1.92,0.29,16.1,22.3,6.2,0,1
Texas A&M Aggies,23,Texas Longhorns,34,69,70,1,115.90,116.70,0.80,93.00,100.70,7.70,66.77,67.42,0.64,47.60,52.90,5.30,2.97,2.85,0.12,22.9,16,6.9,0,1
Georgia Bulldogs,39,Florida Gators,6,59,89,30,115.50,126.90,11.40,96.60,93.00,3.60,66.79,69.49,2.69,52.49,54.40,1.90,1.87,2.41,0.55,18.9,33.9,15,0,1
Baylor Bears,21,Utah Utes,58,76,61,15,121.10,113.60,7.50,100.80,102.00,1.20,65.38,68.82,3.44,52.05,52.58,0.53,2.72,2.04,0.69,20.3,11.6,8.7,1,0
West Virginia Mountaineers,48,Kansas State Wildcats,64,60,73,13,110.20,111.60,1.40,94.60,99.40,4.80,64.38,67.53,3.14,49.97,51.30,1.33,2.14,2.55,0.41,15.6,12.2,3.4,0,1
Tennessee Volunteers,4,Auburn Tigers,3,51,53,2,118.60,130.70,12.10,87.20,93.10,5.90,63.93,68.56,4.64,52.49,56.05,3.56,2.92,2.79,0.14,31.4,37.6,6.2,0,1
Maryland Terrapins,15,Indiana Hoosiers,52,79,78,1,118.50,115.40,3.10,93.70,98.80,5.10,70.08,68.38,1.70,54.50,52.13,2.37,2.14,2.27,0.12,24.8,16.6,8.2,1,0
Nebraska Cornhuskers,53,Wisconsin Badgers,19,55,83,28,113.20,124.00,10.80,97.60,97.30,0.30,67.55,67.70,0.15,51.57,54.95,3.38,2.79,2.62,0.16,15.6,26.7,11.1,0,1
Northwestern Wildcats,46,Illinois Fighting Illini,22,74,83,9,115.00,121.90,6.90,98.40,97.70,0.70,64.86,71.57,6.71,50.09,52.13,2.04,2.28,1.07,1.21,16.6,24.2,7.6,0,1
UCLA Bruins,26,USC Trojans,60,82,76,6,116.50,116.70,0.20,95.00,104.20,9.20,64.91,68.62,3.71,52.94,54.22,1.28,2.23,2.53,0.30,21.5,12.5,9,1,0
Penn State Nittany Lions,59,Michigan Wolverines,33,72,76,4,114.70,117.10,2.40,102.20,96.00,6.20,70.01,69.84,0.17,53.68,55.62,1.93,2.49,2.24,0.25,12.5,21.1,8.6,0,1
Iowa Hawkeyes,7,Ohio State Buckeyes,35,65,82,17,118.10,118.10,0.00,107.00,98.60,8.40,70.01,67.51,2.50,56.34,53.70,2.63,1.77,2.16,0.39,11.1,19.5,8.4,0,1
Iowa State Cyclones,62,Arizona Wildcats,10,75,86,11,119.50,120.20,0.70,93.10,95.00,1.90,68.94,70.28,1.34,54.22,52.14,2.08,2.82,2.72,0.10,26.4,25.2,1.2,0,1
Cincinnati Bearcats,38,Utah Utes,58,66,69,3,112.60,113.60,1.00,96.50,102.00,5.50,65.54,68.82,3.29,51.79,52.58,0.79,2.21,2.04,0.18,16.1,11.6,4.5,0,1
Kentucky Wildcats,14,Tennessee Volunteers,4,78,73,5,125.30,118.60,6.70,100.90,87.20,13.70,70.82,63.93,6.89,56.17,52.49,3.68,3.09,2.92,0.16,24.4,31.4,7,1,0
Marquette Golden Eagles,18,Butler Bulldogs,61,78,69,9,118.30,116.70,1.60,95.70,105.20,9.50,67.56,67.87,0.32,52.26,53.25,0.98,2.05,2.89,0.84,22.6,11.5,11.1,1,0
North Carolina Tar Heels,27,Pittsburgh Panthers,50,65,73,8,119.20,117.20,2.00,102.00,103.10,1.10,70.94,66.31,4.63,54.26,52.53,1.73,2.24,2.72,0.47,17.2,14.1,3.1,0,1
Baylor Bears,21,BYU Cougars,24,89,93,4,121.10,123.50,2.40,100.80,101.20,0.40,65.38,67.28,1.90,52.05,57.79,5.75,2.72,1.92,0.80,20.3,22.3,2,0,1
Oklahoma Sooners,51,Texas A&M Aggies,23,68,75,7,118.40,115.90,2.50,101.80,93.00,8.80,68.74,66.77,1.96,54.78,47.60,7.18,2.31,2.97,0.66,16.6,22.9,6.3,0,1
Houston Cougars,2,West Virginia Mountaineers,48,63,49,14,124.90,110.20,14.70,89.50,94.60,5.10,61.18,64.38,3.20,53.21,49.97,3.24,2.63,2.14,0.49,35.4,15.6,19.8,1,0
Wisconsin Badgers,19,Maryland Terrapins,15,68,76,8,124.00,118.50,5.50,97.30,93.70,3.60,67.70,70.08,2.38,54.95,54.50,0.45,2.62,2.14,0.48,26.7,24.8,1.9,0,1
TCU Horned Frogs,63,Texas Tech Red Raiders,8,57,71,14,107.10,124.30,17.20,97.40,96.70,0.70,66.93,65.85,1.08,47.58,55.64,8.06,1.94,2.67,0.73,9.7,27.6,17.9,0,1
Xavier Musketeers,40,Creighton Bluejays,25,77,86,9,114.90,116.10,1.20,98.30,98.00,0.30,69.20,68.00,1.20,53.57,55.36,1.79,3.54,2.65,0.88,16.6,18.1,1.5,0,1
Alabama Crimson Tide,5,Mississippi State Bulldogs,36,88,84,4,127.30,119.10,8.20,97.90,98.70,0.80,75.00,67.92,7.09,56.57,51.98,4.59,2.99,2.27,0.72,29.4,20.4,9,1,0
Illinois Fighting Illini,22,Nebraska Cornhuskers,53,74,80,6,121.90,113.20,8.70,97.70,97.60,0.10,71.57,67.55,4.02,52.13,51.57,0.56,1.07,2.79,1.71,24.2,15.6,8.6,0,1
Ohio State Buckeyes,35,Penn State Nittany Lions,59,83,64,19,118.10,114.70,3.40,98.60,102.20,3.60,67.51,70.01,2.50,53.70,53.68,0.02,2.16,2.49,0.33,19.5,12.5,7,1,0
Oregon Ducks,37,UCLA Bruins,26,52,78,26,117.80,116.50,1.30,98.20,95.00,3.20,68.10,64.91,3.19,52.36,52.94,0.58,2.69,2.23,0.46,19.6,21.5,1.9,0,1
Indiana Hoosiers,52,Purdue Boilermakers,16,76,81,5,115.40,124.10,8.70,98.80,99.50,0.70,68.38,65.39,2.99,52.13,56.57,4.44,2.27,1.73,0.53,16.6,24.6,8,0,1
Auburn Tigers,3,Ole Miss Rebels,30,92,82,10,130.70,118.10,12.60,93.10,96.00,2.90,68.56,68.33,0.23,56.05,51.85,4.20,2.79,3.46,0.67,37.6,22.1,15.5,1,0
North Carolina Tar Heels,27,Duke Blue Devils,1,70,87,17,119.20,128.90,9.70,102.00,89.80,12.20,70.94,66.06,4.88,54.26,57.66,3.41,2.24,1.93,0.31,17.2,39.1,21.9,0,1
Kansas State Wildcats,61,Iowa State Cyclones,7,80,61,21,111.60,119.50,7.90,99.40,93.10,6.30,67.53,68.94,1.41,51.30,54.22,2.91,2.55,2.82,0.27,12.2,26.4,14.2,1,0
Florida Gators,4,Tennessee Volunteers,5,44,64,20,126.90,118.60,8.30,93.00,87.20,5.80,69.49,63.93,5.56,54.40,52.49,1.91,2.41,2.92,0.51,33.9,31.4,2.5,0,1
Texas Tech Red Raiders,8,Houston Cougars ,2,82,81,19,124.30,124.90,0.60,96.70,89.50,7.20,65.85,61.18,4.67,55.64,53.21,2.43,2.67,2.63,0.04,27.6,35.4,7.8,1,0
Michigan State Spartans,11,USC Trojans,57,64,70,6,118.10,116.70,1.40,91.20,104.20,13.00,67.80,68.62,0.82,50.96,54.22,3.26,1.62,2.53,0.91,26.9,12.5,14.4,0,1
UConn Huskies,20,Marquette Golden Eagles,18,77,69,8,122.40,118.30,4.10,104.10,95.70,8.40,64.33,67.56,3.23,55.74,52.26,3.48,1.75,2.05,0.30,18.3,22.6,4.3,1,0
Kansas Jayhawks,12,Baylor Bears,21,70,81,11,115.40,121.10,5.70,92.20,100.80,8.60,68.76,65.38,3.38,53.14,52.05,1.09,3.62,2.72,0.90,23.2,20.3,2.9,0,1
Arkansas Razorbacks,43,Kentucky Wildcats,14,89,79,10,111.80,125.30,13.50,95.00,100.90,5.90,70.15,70.82,0.67,52.28,56.17,3.89,1.54,3.09,1.55,16.8,24.4,7.6,1,0
Missouri Tigers,31,Mississippi State Bulldogs,36,88,61,27,126.20,119.10,7.10,100.40,98.70,1.70,68.31,67.92,0.40,56.80,51.98,4.82,2.64,2.27,0.37,25.8,20.4,5.4,1,0
Wisconsin Badgers,19,Northwestern Wildcats,47,75,69,6,124.00,115.00,9.00,97.30,98.40,1.10,67.70,64.86,2.85,54.95,50.09,4.86,2.62,2.28,0.34,26.7,16.6,10.1,1,0
Vanderbilt Commodores,55,Oklahoma Sooners,50,67,97,30,119.90,118.40,1.50,102.10,101.80,0.30,69.40,68.74,0.67,52.27,54.78,2.51,2.39,2.31,0.08,17.8,16.6,1.2,0,1
Nebraska Cornhuskers,52,Oregon Ducks,37,77,71,6,113.20,117.80,4.60,97.60,98.20,0.60,67.55,68.10,0.55,51.57,52.36,0.80,2.79,2.69,0.09,15.6,19.6,4,1,0
Ohio State Buckeyes,35,Illinois Fighting Illini,22,79,87,8,118.10,121.90,3.80,98.60,97.70,0.90,67.51,71.57,4.06,53.70,52.13,1.57,2.16,1.07,1.09,19.5,24.2,4.7,0,1
Iowa State Cyclones,7,Kansas Jayhawks,12,52,69,17,119.50,115.40,4.10,93.10,92.20,0.90,68.94,68.76,0.18,54.22,53.14,1.08,2.82,3.62,0.80,26.4,23.2,3.2,0,1
Oklahoma Sooners,50,Auburn Tigers,3,70,89,19,118.40,130.70,12.30,101.80,93.10,8.70,68.74,68.56,0.17,54.78,56.05,1.27,2.31,2.79,0.48,16.6,37.6,21,0,1
Vanderbilt Commodores,55,Florida Gators,4,75,86,11,119.90,126.90,7.00,102.10,93.00,9.10,69.40,69.49,0.09,52.27,54.40,2.12,2.39,2.41,0.02,17.8,33.9,16.1,0,1
Purdue Boilermakers,16,Iowa Hawkeyes,63,90,81,9,124.10,118.10,6.00,99.50,107.00,7.50,65.39,70.01,4.62,56.57,56.34,0.23,1.73,1.77,0.04,24.6,11.1,13.5,1,0
Michigan State Spartans,11,UCLA Bruins,26,61,63,2,118.10,116.50,1.60,91.20,95.00,3.80,67.80,64.91,2.89,50.96,52.94,1.98,1.62,2.23,0.62,26.9,21.5,5.4,0,1
Marquette Golden Eagles,18,St. John's Red Storm,17,64,70,6,118.30,113.90,4.40,95.70,89.20,6.50,67.56,70.11,2.55,52.26,49.54,2.73,2.05,2.36,0.30,22.6,24.7,2.1,0,1
Baylor Bears,21,Texas Tech Red Raiders,8,59,73,14,121.10,124.30,3.20,100.80,96.70,4.10,65.38,65.85,0.47,52.05,55.64,3.59,2.72,2.67,0.05,20.3,27.6,7.3,0,1
Kentucky Wildcats,14,Ole Miss Rebels,30,84,98,14,125.30,118.10,7.20,100.90,96.00,4.90,70.82,68.33,2.49,56.17,51.85,4.33,3.09,3.46,0.37,24.4,22.1,2.3,0,1
Arizona Wildcats,10,BYU Cougars,24,85,74,11,120.20,123.50,3.30,95.00,101.20,6.20,70.28,67.28,3.00,52.14,57.79,5.65,2.72,1.92,0.80,25.2,22.3,2.9,1,0
Indiana Hoosiers,51,Wisconsin Badgers,19,64,76,10,115.40,124.00,8.60,98.80,97.30,1.50,68.38,67.70,0.68,52.13,54.95,2.82,2.27,2.62,0.36,16.6,26.7,10.1,0,1
Missouri Tigers,31,Tennessee Volunteers,5,81,85,4,126.20,118.60,7.60,100.40,87.20,13.20,68.31,63.93,4.38,56.80,52.49,4.31,2.64,2.92,0.29,25.8,31.4,5.6,0,1
Oregon Ducks,37,Michigan Wolverines,32,76,80,4,117.80,117.10,0.70,98.20,96.00,2.20,68.10,69.84,1.74,52.36,55.62,3.25,2.69,2.24,0.45,19.6,21.1,1.5,0,1
Maryland Terrapins,13,Ohio State Buckeyes,35,70,73,3,118.50,118.10,0.40,93.70,98.60,4.90,70.08,67.51,2.57,54.50,53.70,0.80,2.14,2.16,0.02,24.8,19.5,5.3,0,1
USC Trojans,57,Purdue Boilermakers,16,72,90,18,116.70,124.10,7.40,104.20,99.50,4.70,68.62,65.39,3.23,54.22,56.57,2.35,2.53,1.73,0.80,12.5,24.6,12.1,0,1
St. John's Red Storm,17,UConn Huskies,20,68,62,6,113.90,122.40,8.50,89.20,104.10,14.90,70.11,64.33,5.78,49.54,55.74,6.20,2.36,1.75,0.60,24.7,18.3,6.4,1,0
Florida Gators,4,Auburn Tigers,3,90,81,9,126.90,130.70,3.80,93.00,93.10,0.10,69.49,68.56,0.92,54.40,56.05,1.65,2.41,2.79,0.38,33.9,37.6,3.7,1,0
Duke Blue Devils,1,Clemson Tigers,15,71,77,6,128.90,121.00,7.90,89.80,96.40,6.60,66.06,64.08,1.99,57.66,54.51,3.16,1.93,3.02,1.09,39.1,24.6,14.5,0,1
Alabama Crimson Tide,6,Arkansas Razorbacks,43,85,81,4,127.30,111.80,15.50,97.90,95.00,2.90,75.00,69.16,5.84,56.57,52.28,4.29,2.99,1.54,1.45,29.4,16.8,12.6,1,0
Tennessee Volunteers,5,Oklahoma Sooners,50,70,52,18,118.60,118.40,0.20,87.20,101.80,14.60,63.93,68.74,4.81,52.49,54.78,2.29,2.92,2.31,0.61,31.4,16.6,14.8,1,0
TCU Horned Frogs,62,Iowa State Cyclones,7,52,82,30,107.10,119.50,12.40,97.40,93.10,4.30,66.93,68.94,2.01,47.58,54.22,6.64,1.94,2.82,0.88,9.7,26.4,16.7,0,1
Oregon Ducks,37,Michigan State Spartans,11,74,86,12,117.80,118.10,0.30,98.20,91.20,7.00,68.10,67.80,0.30,52.36,50.96,1.41,2.69,1.62,1.08,19.6,26.9,7.3,0,1
Texas A&M Aggies,23,Missouri Tigers,31,67,64,3,115.90,126.20,10.30,93.00,100.40,7.40,66.77,68.31,1.54,47.60,56.80,9.20,2.97,2.64,0.33,22.9,25.8,2.9,1,0
Marquette Golden Eagles,18,Creighton Bluejays,25,67,77,10,118.30,116.10,2.20,95.70,98.00,2.30,67.56,68.00,0.44,52.26,55.36,3.10,2.05,2.65,0.60,22.6,18.1,4.5,0,1
Texas Tech Red Raiders,8,Arizona Wildcats,10,73,82,9,124.30,120.20,4.10,96.70,95.00,1.70,65.85,70.28,4.43,55.64,52.14,3.50,2.67,2.72,0.05,27.6,25.2,2.4,0,1
Kansas Jayhawks,12,Kansas State Wildcats,61,73,81,8,115.40,111.60,3.80,92.20,99.40,7.20,68.76,67.53,1.23,53.14,51.30,1.83,3.62,2.55,1.07,23.2,12.2,11,0,1
Wisconsin Badgers,19,Iowa Hawkeyes,63,74,63,11,124.00,118.10,5.90,97.30,107.00,9.70,67.70,70.01,2.31,54.95,56.34,1.39,2.62,1.77,0.85,26.7,11.1,15.6,1,0
Mississippi State Bulldogs,36,Georgia Bulldogs,38,76,75,1,119.10,115.50,3.60,98.70,96.60,2.10,67.92,66.79,1.12,51.98,52.49,0.52,2.27,1.87,0.41,20.4,18.9,1.5,1,0
Michigan Wolverines,32,Indiana Hoosiers,51,70,67,3,117.10,115.40,1.70,96.00,98.80,2.80,69.84,68.38,1.46,55.62,52.13,3.49,2.24,2.27,0.03,21.1,16.6,4.5,1,0
Baylor Bears,21,Houston Cougars ,2,65,76,11,121.10,124.90,3.80,100.80,89.50,11.30,65.38,61.18,4.20,52.05,53.21,1.16,2.72,2.63,0.09,20.3,35.4,15.1,0,1
North Carolina Tar Heels,27,Clemson Tigers,15,65,85,20,119.20,121.00,1.80,102.00,96.40,5.60,70.94,64.08,6.87,54.26,54.51,0.25,2.24,3.02,0.77,17.2,24.6,7.4,0,1
Auburn Tigers,3,Vanderbilt Commodores,55,80,68,12,130.70,119.90,10.80,93.10,102.10,9.00,68.56,69.40,0.84,56.05,52.27,3.78,2.79,2.39,0.40,37.6,17.8,19.8,1,0
Alabama Crimson Tide,6,Texas Tech Red Raiders,8,103,80,23,127.30,124.30,3.00,97.90,96.70,1.20,75.00,65.85,9.16,56.57,55.64,0.93,2.99,2.67,0.32,29.4,27.6,1.8,1,0
Florida Gators,4,Mississippi State Bulldogs,36,81,68,13,126.90,119.10,7.80,93.00,98.70,5.70,69.49,67.92,1.57,54.40,51.98,2.42,2.41,2.27,0.14,33.9,20.4,13.5,1,0
Tennessee Volunteers,5,Kentucky Wildcats,14,64,75,11,118.60,125.30,6.70,87.20,100.90,13.70,63.93,70.82,6.89,52.49,56.17,3.68,2.92,3.09,0.16,31.4,24.4,7,0,1
Purdue Boilermakers,16,Michigan Wolverines,32,73,75,2,124.10,117.10,7.00,99.50,96.00,3.50,65.39,69.84,4.45,56.57,55.62,0.95,1.73,2.24,0.51,24.6,21.1,3.5,0,1
Georgia Bulldogs,38,Texas A&M Aggies,23,53,69,16,115.50,115.90,0.40,96.60,93.00,3.60,66.79,66.77,0.02,52.49,47.60,4.89,1.87,2.97,1.10,18.9,22.9,4,0,1
Indiana Hoosiers,51,Michigan State Spartans,11,71,67,4,115.40,118.10,2.70,98.80,91.20,7.60,68.38,67.80,0.58,52.13,50.96,1.17,2.27,1.62,0.65,16.6,26.9,10.3,1,0
Arizona Wildcats,10,Kansas State Wildcats,61,70,73,3,120.20,111.60,8.60,95.00,99.40,4.40,70.28,67.53,2.75,52.14,51.30,0.84,2.72,2.55,0.17,25.2,12.2,13,0,1
UConn Huskies,20,Creighton Bluejays,25,70,66,4,122.40,116.10,6.30,104.10,98.00,6.10,64.33,68.00,3.67,55.74,55.36,0.38,1.75,2.65,0.90,18.3,18.1,0.2,1,0
St. John's Red Storm,17,Villanova Wildcats,41,71,73,2,113.90,119.70,5.80,89.20,104.60,15.40,70.11,63.20,6.91,49.54,55.41,5.87,2.36,2.87,0.52,24.7,15.1,9.6,0,1
Oklahoma Sooners,50,Missouri Tigers,31,58,82,24,118.40,126.20,7.80,101.80,100.40,1.40,68.74,68.31,0.42,54.78,56.80,2.02,2.31,2.64,0.33,16.6,25.8,9.2,0,1
Maryland Terrapins,13,Nebraska Cornhuskers,52,83,75,8,118.50,113.20,5.30,93.70,97.60,3.90,70.08,67.55,2.53,54.50,51.57,2.93,2.14,2.79,0.64,24.8,15.6,9.2,1,0
Auburn Tigers,3,Alabama Crimson Tide,6,94,85,11,130.70,127.30,3.40,93.10,97.90,4.80,68.56,75.00,6.44,56.05,56.57,0.52,2.79,2.99,0.20,37.6,29.4,8.2,1,0
Vanderbilt Commodores,55,Tennessee Volunteers,5,76,81,5,119.90,118.60,1.30,102.10,87.20,14.90,69.40,63.93,5.47,52.27,52.49,0.22,2.39,2.92,0.53,17.8,31.4,13.6,0,1
Houston Cougars,2,Arizona Wildcats,10,62,58,6,124.90,120.20,4.70,89.50,95.00,5.50,61.18,70.28,9.10,53.21,52.14,1.06,2.63,2.72,0.09,35.4,25.2,10.2,1,0
Wisconsin Badgers,19,Purdue Boilermakers,16,94,84,10,124.00,124.10,0.10,97.30,99.50,2.20,67.70,65.39,2.31,54.95,56.57,1.62,2.62,1.73,0.89,26.7,24.6,2.1,1,0
Arkansas Razorbacks,43,Texas A&M Aggies,23,61,69,8,111.80,115.90,4.10,95.00,93.00,2.00,69.16,66.77,2.39,52.28,47.60,4.68,1.54,2.97,1.43,16.8,22.9,6.1,0,1
Cincinnati Bearcats,39,Iowa State Cyclones,7,70,81,11,112.60,119.50,6.90,96.50,93.10,3.40,65.54,68.94,3.40,51.79,54.22,2.43,2.21,2.82,0.61,16.1,26.4,10.3,0,1
Michigan State Spartans,11,Illinois Fighting Illini,22,79,65,14,118.10,121.90,3.80,91.20,97.70,6.50,67.80,71.57,3.77,50.96,52.13,1.17,1.62,1.07,0.54,26.9,24.2,2.7,1,0
Kentucky Wildcats,14,Texas Longhorns,34,78,82,4,125.30,116.70,8.60,100.90,100.70,0.20,70.82,67.42,3.40,56.17,52.90,3.28,3.09,2.85,0.24,24.4,16,8.4,0,1
Kansas Jayhawks,12,Utah Utes,58,67,74,7,115.40,113.60,1.80,92.20,102.00,9.80,68.76,68.82,0.06,53.14,52.58,0.56,3.62,2.04,1.58,23.2,11.6,11.6,0,1
Mississippi State Bulldogs,36,Ole Miss Rebels,30,81,71,10,119.10,118.10,1.00,98.70,96.00,2.70,67.92,68.33,0.42,51.98,51.85,0.13,2.27,3.46,1.19,20.4,22.1,1.7,1,0
Missouri Tigers,31,Georgia Bulldogs,38,87,74,13,126.20,115.50,10.70,100.40,96.60,3.80,68.31,66.79,1.52,56.80,52.49,4.30,2.64,1.87,0.77,25.8,18.9,6.9,1,0
Creighton Bluejays,25,St. John's Red Storm,17,73,79,6,116.10,113.90,2.20,98.00,89.20,8.80,68.00,70.11,2.11,55.36,49.54,5.82,2.65,2.36,0.30,18.1,24.7,6.6,0,1
Michigan Wolverines,32,Ohio State Buckeyes,35,86,83,3,117.10,118.10,1.00,96.00,98.60,2.60,69.84,67.51,2.33,55.62,53.70,1.92,2.24,2.16,0.08,21.1,19.5,1.6,1,0
Iowa Hawkeyes,63,Maryland Terrapins,13,75,101,26,118.10,118.50,0.40,107.00,93.70,13.30,70.01,70.08,0.07,56.34,54.50,1.83,1.77,2.14,0.37,11.1,24.8,13.7,0,1
Arizona Wildcats,10,Baylor Bears,21,74,67,7,120.20,121.10,0.90,95.00,100.80,5.80,70.28,65.38,4.90,52.14,52.05,0.09,2.72,2.72,0.00,25.2,20.3,4.9,1,0
Oklahoma Sooners,50,Florida Gators,4,63,85,22,118.40,126.90,8.50,101.80,93.00,8.80,68.74,69.49,0.75,54.78,54.40,0.38,2.31,2.41,0.10,16.6,33.9,17.3,0,1
Texas A&M Aggies,23,Mississippi State Bulldogs,36,54,70,16,115.90,119.10,3.20,93.00,98.70,5.70,66.77,67.92,1.14,47.60,51.98,4.38,2.97,2.27,0.69,22.9,20.4,2.5,0,1
Texas Tech Red Raiders,8,TCU Horned Frogs,62,66,69,3,124.30,107.10,17.20,96.70,97.40,0.70,65.85,66.93,1.08,55.64,47.58,8.06,2.67,1.94,0.73,27.6,9.7,17.9,0,1
Illinois Fighting Illini,22,Wisconsin Badgers,19,74,95,21,121.90,124.00,2.10,97.70,97.30,0.40,71.57,67.70,3.87,52.13,54.95,2.82,1.07,2.62,1.55,24.2,26.7,2.5,0,1
Purdue Boilermakers,16,Michigan State Spartans,11,66,75,9,124.10,118.10,6.00,99.50,91.20,8.30,65.39,67.80,2.41,56.57,50.96,5.61,1.73,1.62,0.12,24.6,26.9,2.3,0,1
Kansas Jayhawks,12,BYU Cougars,24,57,91,34,115.40,123.50,8.10,92.20,101.20,9.00,68.76,67.28,1.48,53.14,57.79,4.66,3.62,1.92,1.70,23.2,22.3,0.9,0,1
Arkansas Razorbacks,43,Auburn Tigers,3,60,67,7,111.80,130.70,18.90,95.00,93.10,1.90,69.16,68.56,0.60,52.28,56.05,3.77,1.54,2.79,1.25,16.8,37.6,20.8,0,1
Alabama Crimson Tide,6,Missouri Tigers,31,98,110,12,127.30,126.20,1.10,97.90,100.40,2.50,75.00,68.31,6.69,56.57,56.80,0.23,2.99,2.64,0.35,29.4,25.8,3.6,0,1
Vanderbilt Commodores,55,Kentucky Wildcats,14,61,82,21,119.90,125.30,5.40,102.10,100.90,1.20,69.40,70.82,1.42,52.27,56.17,3.90,2.39,3.09,0.70,17.8,24.4,6.6,0,1
USC Trojans,57,Maryland Terrapins,13,71,88,17,116.70,118.50,1.80,104.20,93.70,10.50,68.62,70.08,1.46,54.22,54.50,0.28,2.53,2.14,0.39,12.5,24.8,12.3,0,1
Michigan State Spartans,11,Michigan Wolverines,32,75,62,7,118.10,117.10,1.00,91.20,96.00,4.80,67.80,69.84,2.04,50.96,55.62,4.66,1.62,2.24,0.62,26.9,21.1,5.8,1,0
Marquette Golden Eagles,18,Villanova Wildcats,41,66,81,15,118.30,119.70,1.40,95.70,104.60,8.90,67.56,63.20,4.36,52.26,55.41,3.15,2.05,2.87,0.82,22.6,15.1,7.5,0,1
Georgia Bulldogs,38,Auburn Tigers,3,70,82,12,115.50,130.70,15.20,96.60,93.10,3.50,66.79,68.56,1.77,52.49,56.05,3.55,1.87,2.79,0.92,18.9,37.6,18.7,0,1
Duke Blue Devils,1,Illinois Fighting Illini,22,110,67,43,128.90,121.90,7.00,89.80,97.70,7.90,66.06,71.57,5.51,57.66,52.13,5.54,1.93,1.07,0.86,39.1,24.2,14.9,1,0
Kentucky Wildcats,14,Alabama Crimson Tide,6,83,96,13,125.30,127.30,2.00,100.90,97.90,3.00,70.82,75.00,4.18,56.17,56.57,0.40,3.09,2.99,0.10,24.4,29.4,5,0,1
Iowa State Cyclones,7,Houston Cougars ,2,59,68,7,119.50,124.90,5.40,93.10,89.50,3.60,68.94,61.18,7.76,54.22,53.21,1.01,2.82,2.63,0.19,26.4,35.4,9,0,1
Tennessee Volunteers,5,Texas A&M Aggies,23,77,69,8,118.60,115.90,2.70,87.20,93.00,5.80,63.93,66.77,2.85,52.49,47.60,4.89,2.92,2.97,0.04,31.4,22.9,8.5,1,0
West Virginia Mountaineers,48,Texas Tech Red Raiders,8,51,73,22,110.20,124.30,14.10,94.60,96.70,2.10,64.38,65.85,1.47,49.97,55.64,5.67,2.14,2.67,0.53,15.6,27.6,12,0,1
Oregon Ducks,37,Wisconsin Badgers,19,77,73,4,117.80,124.00,6.20,98.20,97.30,0.90,68.10,67.70,0.40,52.36,54.95,2.58,2.69,2.62,0.07,19.6,26.7,7.1,1,0
Missouri Tigers,31,Arkansas Razorbacks,43,85,92,7,126.20,111.80,14.40,100.40,95.00,5.40,68.31,69.16,0.85,56.80,52.28,4.52,2.64,1.54,1.10,25.8,16.8,9,0,1
Clemson Tigers,15,SMU Mustangs,44,79,69,10,121.00,118.70,2.30,96.40,102.10,5.70,64.08,69.10,5.02,54.51,55.08,0.58,3.02,2.76,0.26,24.6,16.6,8,1,0
BYU Cougars,24,Arizona Wildcats,10,96,95,1,123.50,120.20,3.30,101.20,95.00,6.20,67.28,70.28,3.00,57.79,52.14,5.65,1.92,2.72,0.80,22.3,25.2,2.9,1,0
Mississippi State Bulldogs,36,Oklahoma Sooners,50,87,93,6,119.10,118.40,0.70,98.70,101.80,3.10,67.92,68.74,0.82,51.98,54.78,2.80,2.27,2.31,0.04,20.4,16.6,3.8,0,1
Ole Miss Rebels,30,Vanderbilt Commodores,66,72,77,5,118.10,119.90,1.80,96.00,102.10,6.10,68.33,69.40,1.07,51.85,52.27,0.43,3.46,2.39,1.07,22.1,17.8,4.3,0,1
UConn Huskies,20,St. John's Red Storm,17,75,89,14,122.40,113.90,8.50,104.10,89.20,14.90,64.33,70.11,5.78,55.74,49.54,6.20,1.75,2.36,0.60,18.3,24.7,6.4,0,1
Purdue Boilermakers,16,Indiana Hoosiers,51,58,73,15,124.10,115.40,8.70,99.50,98.80,0.70,65.39,68.38,2.99,56.57,52.13,4.44,1.73,2.27,0.53,24.6,16.6,8,0,1
Houston Cougars,2,Texas Tech Red Raiders,8,69,61,8,124.90,124.30,0.60,89.50,96.70,7.20,61.18,65.85,4.67,53.21,55.64,2.43,2.63,2.67,0.04,35.4,27.6,7.8,1,0
Michigan Wolverines,32,Nebraska Cornhuskers,52,49,46,3,117.10,113.20,3.90,96.00,97.60,1.60,69.84,67.55,2.29,55.62,51.57,4.05,2.24,2.79,0.55,21.1,15.6,5.5,1,0
Florida Gators,4,Georgia Bulldogs,38,83,88,5,126.90,115.50,11.40,93.00,96.60,3.60,69.49,66.79,2.69,54.40,52.49,1.90,2.41,1.87,0.55,33.9,18.9,15,0,1
Mississippi State Bulldogs,36,Alabama Crimson Tide,6,73,111,37,119.10,127.30,8.20,98.70,97.90,0.80,67.92,75.00,7.09,51.98,56.57,4.59,2.27,2.99,0.72,20.4,29.4,9,0,1
Ole Miss Rebels,30,Auburn Tigers,3,76,106,30,118.10,130.70,12.60,96.00,93.10,2.90,68.33,68.56,0.23,51.85,56.05,4.20,3.46,2.79,0.67,22.1,37.6,15.5,0,1
St. John's Red Storm,17,Butler Bulldogs,64,76,70,6,113.90,116.70,2.80,89.20,105.20,16.00,70.11,67.87,2.24,49.54,53.25,3.71,2.36,2.89,0.53,24.7,11.5,13.2,1,0
Michigan State Spartans,11,Maryland Terrapins,13,58,55,3,118.10,118.50,0.40,91.20,93.70,2.50,67.80,70.08,2.28,50.96,54.50,3.55,1.62,2.14,0.53,26.9,24.8,2.1,1,0
Vanderbilt Commodores,55,Texas A&M Aggies,23,86,84,2,119.90,115.90,4.00,102.10,93.00,9.10,69.40,66.77,2.63,52.27,47.60,4.67,2.39,2.97,0.57,17.8,22.9,5.1,1,0
Kentucky Wildcats,14,Oklahoma Sooners,50,83,82,1,125.30,118.40,6.90,100.90,101.80,0.90,70.82,68.74,2.08,56.17,54.78,1.39,3.09,2.31,0.78,24.4,16.6,7.8,1,0
Utah Utes,58,Arizona Wildcats,10,66,83,17,113.60,120.20,6.60,102.00,95.00,7.00,68.82,70.28,1.46,52.58,52.14,0.44,2.04,2.72,0.69,11.6,25.2,13.6,0,1
UCLA Bruins,26,Purdue Boilermakers,16,66,76,10,116.50,124.10,7.60,95.00,99.50,4.50,64.91,65.39,0.48,52.94,56.57,3.63,2.23,1.73,0.50,21.5,24.6,3.1,0,1